event_date,end_date,duration_days,exit_reason,stitched_trigger_count,first_trigger_date,last_trigger_date,episode_bridge_days,stability_days_required,market_return,worst_trigger_date,worst_trigger_market_return,apc,peak_apc_date,peak_trigger_apc,apc_threshold,apc_window,apc_n_names,frac_down,frac_down_threshold,coverage,coverage_floor,vol_percentile,event_severity
1965-09-23,1965-10-05,8,apc_and_market_normalized,1,1965-09-23,1965-09-23,29,4,-0.008969464983638839,1965-09-23,-0.008969464983638839,0.2123014233902889,1965-09-23,0.2123014233902889,0.21008220287626866,95,30,0.7666666666666667,0.5,30,30.0,0.34514285714285714,0.9598436389481165
1966-09-21,1966-10-04,9,apc_and_market_normalized,2,1966-09-21,1966-10-03,26,1,-0.0218627405943115,1966-09-21,-0.0218627405943115,0.3591604510297717,1966-09-21,0.3591604510297717,0.3534432462315574,43,31,0.8387096774193549,0.5666666666666667,31,30.0,0.911190053285968,0.9907286821107167
1966-11-17,1967-03-08,75,apc_and_market_normalized,8,1966-11-17,1967-02-13,30,7,-0.010357465329132105,1966-11-21,-0.014596145155670344,0.2894183931981938,1966-11-21,0.2909849506983552,0.21993128531641362,84,31,0.8064516129032258,0.5,31,30.0,0.4588336192109777,0.9820723892048019
1969-10-29,1969-12-15,32,apc_and_market_normalized,3,1969-10-29,1969-11-13,30,5,-0.007054403282649088,1969-11-13,-0.009312910016687269,0.2060460340045245,1969-10-29,0.2060460340045245,0.20601762303153445,88,31,0.7096774193548387,0.5,31,30.0,0.41245343267695583,0.9522487877366362
1970-05-11,1971-01-13,172,apc_and_market_normalized,31,1970-05-11,1971-01-04,30,7,-0.01793902107110002,1970-05-25,-0.035236330591211645,0.30556367962895314,1970-06-11,0.4910757210389861,0.29862940720755177,43,31,0.7096774193548387,0.6,31,30.0,0.9165009940357853,0.9973092750870528
1971-10-14,1972-04-03,118,apc_and_market_normalized,17,1971-10-14,1972-03-21,30,6,-0.008717472981321906,1971-11-01,-0.01579177708264298,0.2570413099569128,1971-11-10,0.27925064788378173,0.20603778395671926,96,31,0.8064516129032258,0.5,31,30.0,0.33052631578947367,0.9688274214829867
1978-12-18,1979-04-25,88,apc_and_market_normalized,8,1978-12-18,1979-04-11,30,7,-0.022269375626711302,1978-12-18,-0.022269375626711302,0.208545806487286,1979-01-16,0.20870388750117966,0.20721268395469558,68,124,0.7835051546391752,0.5,194,30.0,0.6345832338189634,0.9584865625355201
1979-12-18,1979-12-24,4,apc_and_market_normalized,1,1979-12-18,1979-12-18,29,4,-0.007237799425937803,1979-12-18,-0.007237799425937803,0.17649652400287083,1979-12-18,0.17649652400287083,0.17631746520111033,96,123,0.5151515151515151,0.45161290322580644,198,31.0,0.3286036036036036,0.8350914027912361
1980-06-19,1980-07-10,14,apc_and_market_normalized,1,1980-06-19,1980-06-19,20,7,-0.005197587236111686,1980-06-19,-0.005197587236111686,0.16175777162005006,1980-06-19,0.16175777162005006,0.15756731618831027,123,123,0.46511627906976744,0.41379310344827586,473,31.0,0.029559886139697834,0.7944820827453135
1987-10-19,1988-06-02,157,apc_and_market_normalized,32,1987-10-19,1988-05-18,29,7,-0.13662570708658406,1987-10-19,-0.13662570708658406,0.4077792188781725,1987-10-26,0.4270822714185488,0.2418294173307556,36,124,0.9259723964868256,0.5161290322580645,797,31.0,0.9931464174454828,0.9972466420351268
2002-12-27,2003-01-09,8,apc_and_market_normalized,1,2002-12-27,2002-12-27,28,5,-0.006524037183834685,2002-12-27,-0.006524037183834685,0.121755205187099,2002-12-27,0.121755205187099,0.12037303468810838,102,122,0.5751633986928104,0.4,2448,179.0,0.26789545543202653,0.9053389326168717
2003-03-04,2003-03-20,12,apc_and_market_normalized,2,2003-03-04,2003-03-10,24,7,-0.009787552037348445,2003-03-10,-0.013100718739456832,0.11194558586950853,2003-03-04,0.11194558586950853,0.11092093658501424,114,122,0.555465258025193,0.3870967741935484,2461,181.0,0.13691979025053408,0.9472127520891102
2004-07-01,2004-07-20,12,apc_and_market_normalized,1,2004-07-01,2004-07-01,29,4,-0.009391214360743309,2004-07-01,-0.009391214360743309,0.13075566860346202,2004-07-01,0.13075566860346202,0.1288589567111232,90,122,0.5697761194029851,0.4123418699111794,2680,178.0,0.39114078811248004,0.9238665846923854
2006-07-20,2006-07-26,4,apc_and_market_normalized,1,2006-07-20,2006-07-20,23,1,-0.012329587682466829,2006-07-20,-0.012329587682466829,0.2056397473708979,2006-07-20,0.2056397473708979,0.19344453007591056,41,123,0.62357669122572,0.4829444188025484,2986,31.0,0.9358744394618834,0.9501887613393488
2006-10-02,2006-12-06,46,apc_and_market_normalized,4,2006-10-02,2006-11-27,26,7,-0.0065913190811937574,2006-11-27,-0.010602184083703305,0.12585185413938269,2006-10-27,0.1449614464946575,0.11120657301634616,108,124,0.5207572235137828,0.3958354477816696,3011,185.0,0.19301848049281314,0.9527726425298599
2007-06-06,2007-06-18,8,apc_and_market_normalized,1,2007-06-06,2007-06-06,30,4,-0.0067366602494326674,2007-06-06,-0.0067366602494326674,0.14301108575460286,2007-06-06,0.14301108575460286,0.13252097183097117,85,125,0.6486994672516453,0.41935483870967744,3191,179.0,0.4460861917326297,0.9277448704474011
2007-10-15,2007-10-24,7,apc_and_market_normalized,1,2007-10-15,2007-10-15,30,3,-0.007884968322616145,2007-10-15,-0.007884968322616145,0.1485827634298238,2007-10-15,0.1485827634298238,0.1424566734233707,75,122,0.6134401972872996,0.43333333333333335,3244,178.0,0.5568449524474304,0.9278835203226294
2008-01-15,2008-01-24,6,apc_and_market_normalized,1,2008-01-15,2008-01-15,29,2,-0.01635431074641943,2008-01-15,-0.01635431074641943,0.1604537286045407,2008-01-15,0.1604537286045407,0.16021968202623948,60,123,0.6714026602176542,0.4532757349404452,3308,145.0,0.7298681013536966,0.9590701931375151
2008-05-07,2011-02-08,695,apc_and_market_normalized,153,2008-05-07,2011-01-28,30,7,-0.010447261166487715,2008-12-01,-0.07753812246879518,0.1417933055530685,2008-10-15,0.2948097628109243,0.12111520311299254,99,124,0.6275327771156138,0.40706645785852497,3356,184.0,0.3012411653163248,0.9868913179739636
2011-08-04,2012-10-18,305,apc_and_market_normalized,53,2011-08-04,2012-10-09,30,7,-0.04021264103850699,2011-08-08,-0.06958253231313424,0.1924608672074432,2011-08-25,0.3502985003931537,0.17790819805483546,51,123,0.7630272952853598,0.4708180293949673,4030,175.0,0.8189210950080515,0.9873696738428278
2015-12-07,2015-12-18,9,apc_and_market_normalized,1,2015-12-07,2015-12-07,30,4,-0.01427800952738391,2015-12-07,-0.01427800952738391,0.15699061474867418,2015-12-07,0.15699061474867418,0.13675689362737647,86,122,0.5990243902439024,0.4254682759503297,5125,188.0,0.43946121965660156,0.9307718491053966
2016-05-03,2016-07-07,45,apc_and_market_normalized,6,2016-05-03,2016-06-13,26,7,-0.009827146021874265,2016-06-10,-0.010354691169769243,0.12292120413570948,2016-05-04,0.1402300640908012,0.11347832049886925,116,124,0.5783179012345679,0.3927048593865525,5184,207.0,0.11173143318886358,0.9173094042747097
2016-08-24,2016-09-02,7,apc_and_market_normalized,1,2016-08-24,2016-08-24,22,7,-0.0057762289391551855,2016-08-24,-0.0057762289391551855,0.11278541302156872,2016-08-24,0.11278541302156872,0.11171539911222059,119,124,0.5321013526385978,0.3891559843178013,5249,474.0,0.0820186970493719,0.8561688063877374
2016-10-11,2016-11-11,23,apc_and_market_normalized,4,2016-10-11,2016-11-02,29,6,-0.010700594231535278,2016-10-11,-0.010700594231535278,0.13720916593511867,2016-10-11,0.13720916593511867,0.1271243139394482,97,121,0.6478260869565218,0.4142463705373683,5290,192.0,0.3202914389799636,0.9289129855978892
2019-03-22,2019-05-21,41,apc_and_market_normalized,2,2019-03-22,2019-05-13,24,7,-0.016387497183100497,2019-05-13,-0.018604335129519336,0.11629053421107287,2019-03-22,0.11629053421107287,0.10935048383116401,120,125,0.644927536231884,0.3878493480014462,6072,504.0,0.0667410558616361,0.9449422617879465
2020-03-09,2021-01-08,212,apc_and_market_normalized,43,2020-03-09,2020-12-09,30,7,-0.08149501355444368,2020-03-18,-0.1071370562629328,0.22899325498398201,2020-03-18,0.4055933221065708,0.207705339914058,36,120,0.8098264104153751,0.5,6452,177.0,0.9936904190384748,0.9961904994750547
2021-07-07,2021-08-30,38,apc_and_market_normalized,2,2021-07-07,2021-07-08,21,7,-0.009217833217190129,2021-07-07,-0.009217833217190129,0.1118877926243309,2021-07-08,0.11421646295798148,0.10851471784732962,122,124,0.5252458145096998,0.38727834927507054,7526,538.0,0.048605524269241085,0.9026269809218855
2022-08-09,2022-11-18,72,apc_and_market_normalized,8,2022-08-09,2022-11-16,29,5,-0.01546501818095601,2022-09-13,-0.02444240126234719,0.13365468339888573,2022-11-16,0.18211246442423348,0.1207851662131779,102,124,0.5516786570743405,0.4101184411937027,8340,489.0,0.26147060759660323,0.958253513916179
2023-02-06,2023-03-03,18,apc_and_market_normalized,2,2023-02-06,2023-02-08,27,5,-0.007870218600548666,2023-02-08,-0.008011893023974544,0.13951711282402612,2023-02-06,0.13951711282402612,0.12118807856759232,102,122,0.5831469930563729,0.4111775978780226,8497,494.0,0.26398955272608554,0.8994159408308094
